<metadata xml:lang="en"><Esri><CreaDate>20220723</CreaDate><CreaTime>19290900</CreaTime><ArcGISFormat>1.0</ArcGISFormat><SyncOnce>FALSE</SyncOnce><DataProperties><lineage><Process ToolSource="c:\program files\arcgis\pro\Resources\ArcToolbox\toolboxes\Analysis Tools.tbx\SpatialJoin" Date="20220723" Time="192909">SpatialJoin Los_Angeles_City_Zip_Codes ZoningParking_FeatureToPoint C:\Users\eme12539\Documents\ArcGIS\Projects\Hackathon\Hackathon.gdb\ZoningParkingZips "Join one to one" KEEP_ALL "CITY "CITY" true true false 2 Text 0 0,First,#,Los_Angeles_City_Zip_Codes,Los_Angeles_City_Zip_Codes.CITY,0,2;ZIPCODE "ZIPCODE" true true false 5 Text 0 0,First,#,Los_Angeles_City_Zip_Codes,Los_Angeles_City_Zip_Codes.ZIPCODE,0,5;ZIP "ZIP" true true false 5 Long 0 5,First,#,Los_Angeles_City_Zip_Codes,Los_Angeles_City_Zip_Codes.ZIP,-1,-1;TOOLTIP "TOOLTIP" true true false 15 Text 0 0,First,#,Los_Angeles_City_Zip_Codes,Los_Angeles_City_Zip_Codes.TOOLTIP,0,15;NLA_URL "NLA_URL" true true false 1 Text 0 0,First,#,Los_Angeles_City_Zip_Codes,Los_Angeles_City_Zip_Codes.NLA_URL,0,1;AnalysisAr "AnalysisAr" true true false 24 Double 15 23,First,#,Los_Angeles_City_Zip_Codes,Los_Angeles_City_Zip_Codes.AnalysisAr,-1,-1;Area "Area" true true false 19 Double 0 0,First,#,Los_Angeles_City_Zip_Codes,Los_Angeles_City_Zip_Codes.Area,-1,-1;ZIPCODE_1 "ZIPCODE" true true false 4 Long 0 0,First,#,Los_Angeles_City_Zip_Codes,output.csv.ZIPCODE,-1,-1;Latitude "Latitude" true true false 8 Double 0 0,First,#,Los_Angeles_City_Zip_Codes,output.csv.Latitude,-1,-1;Longitude "Longitude" true true false 8 Double 0 0,First,#,Los_Angeles_City_Zip_Codes,output.csv.Longitude,-1,-1;Walk_Score "Walk Score" true true false 4 Long 0 0,First,#,Los_Angeles_City_Zip_Codes,output.csv.Walk Score,-1,-1;Walk_Description "Walk Description" true true false 8000 Text 0 0,First,#,Los_Angeles_City_Zip_Codes,output.csv.Walk Description,0,8000;Transit_Score "Transit Score" true true false 4 Long 0 0,First,#,Los_Angeles_City_Zip_Codes,output.csv.Transit Score,-1,-1;Transit_Description "Transit Description" true true false 8000 Text 0 0,First,#,Los_Angeles_City_Zip_Codes,output.csv.Transit Description,0,8000;Bike_Score "Bike Score" true true false 4 Long 0 0,First,#,Los_Angeles_City_Zip_Codes,output.csv.Bike Score,-1,-1;Bike_Description "Bike Description" true true false 8000 Text 0 0,First,#,Los_Angeles_City_Zip_Codes,output.csv.Bike Description,0,8000;OBJECTID "OBJECTID" true true false 4 Long 0 0,First,#,ZoningParking_FeatureToPoint,OBJECTID,-1,-1;ZONE_CMPLT "ZONE_CMPLT" true true false 23 Text 0 0,First,#,ZoningParking_FeatureToPoint,ZONE_CMPLT,0,23;ZONE_CLASS "ZONE_CLASS" true true false 16 Text 0 0,First,#,ZoningParking_FeatureToPoint,ZONE_CLASS,0,16;ZONE_SMRY "ZONE_SMRY" true true false 15 Text 0 0,First,#,ZoningParking_FeatureToPoint,ZONE_SMRY,0,15;SHAPE_Leng "SHAPE_Leng" true true false 8 Double 0 0,First,#,ZoningParking_FeatureToPoint,SHAPE_Leng,-1,-1;ORIG_FID "ORIG_FID" true true false 4 Long 0 0,First,#,ZoningParking_FeatureToPoint,ORIG_FID,-1,-1" Contains # #</Process><Process ToolSource="c:\program files\arcgis\pro\Resources\ArcToolbox\toolboxes\Data Management Tools.tbx\UpdateSchema" Date="20220723" Time="203315">UpdateSchema "CIMDATA=&lt;CIMStandardDataConnection xsi:type='typens:CIMStandardDataConnection' xmlns:xsi='http://www.w3.org/2001/XMLSchema-instance' xmlns:xs='http://www.w3.org/2001/XMLSchema' xmlns:typens='http://www.esri.com/schemas/ArcGIS/2.9.0'&gt;&lt;WorkspaceConnectionString&gt;DATABASE=C:\Users\eme12539\Documents\ArcGIS\Projects\Hackathon\Hackathon.gdb&lt;/WorkspaceConnectionString&gt;&lt;WorkspaceFactory&gt;FileGDB&lt;/WorkspaceFactory&gt;&lt;Dataset&gt;ZoningParkingZips&lt;/Dataset&gt;&lt;DatasetType&gt;esriDTFeatureClass&lt;/DatasetType&gt;&lt;/CIMStandardDataConnection&gt;" &lt;operationSequence&gt;&lt;workflow&gt;&lt;AddField&gt;&lt;field_name&gt;ParkingScore&lt;/field_name&gt;&lt;field_type&gt;DOUBLE&lt;/field_type&gt;&lt;field_alias&gt;ParkingScore&lt;/field_alias&gt;&lt;field_is_nullable&gt;True&lt;/field_is_nullable&gt;&lt;field_is_required&gt;False&lt;/field_is_required&gt;&lt;/AddField&gt;&lt;/workflow&gt;&lt;/operationSequence&gt;</Process><Process ToolSource="c:\program files\arcgis\pro\Resources\ArcToolbox\toolboxes\Data Management Tools.tbx\CalculateField" Date="20220723" Time="203340">CalculateField ZoningParkingZips ParkingScore "!Join_Count! / !Area!" "Python 3" # Text NO_ENFORCE_DOMAINS</Process><Process ToolSource="c:\program files\arcgis\pro\Resources\ArcToolbox\toolboxes\Data Management Tools.tbx\UpdateSchema" Date="20220723" Time="203549">UpdateSchema "CIMDATA=&lt;CIMStandardDataConnection xsi:type='typens:CIMStandardDataConnection' xmlns:xsi='http://www.w3.org/2001/XMLSchema-instance' xmlns:xs='http://www.w3.org/2001/XMLSchema' xmlns:typens='http://www.esri.com/schemas/ArcGIS/2.9.0'&gt;&lt;WorkspaceConnectionString&gt;DATABASE=C:\Users\eme12539\Documents\ArcGIS\Projects\Hackathon\Hackathon.gdb&lt;/WorkspaceConnectionString&gt;&lt;WorkspaceFactory&gt;FileGDB&lt;/WorkspaceFactory&gt;&lt;Dataset&gt;ZoningParkingZips&lt;/Dataset&gt;&lt;DatasetType&gt;esriDTFeatureClass&lt;/DatasetType&gt;&lt;/CIMStandardDataConnection&gt;" &lt;operationSequence&gt;&lt;workflow&gt;&lt;AlterField&gt;&lt;field_name&gt;ParkingScore&lt;/field_name&gt;&lt;new_field_name&gt;ParkingDensity&lt;/new_field_name&gt;&lt;field_is_nullable&gt;True&lt;/field_is_nullable&gt;&lt;clear_field_alias&gt;False&lt;/clear_field_alias&gt;&lt;/AlterField&gt;&lt;/workflow&gt;&lt;workflow&gt;&lt;AddField&gt;&lt;field_name&gt;ParkingScore&lt;/field_name&gt;&lt;field_type&gt;DOUBLE&lt;/field_type&gt;&lt;field_alias&gt;ParkingScore&lt;/field_alias&gt;&lt;field_is_nullable&gt;True&lt;/field_is_nullable&gt;&lt;field_is_required&gt;False&lt;/field_is_required&gt;&lt;/AddField&gt;&lt;/workflow&gt;&lt;/operationSequence&gt;</Process><Process ToolSource="c:\program files\arcgis\pro\Resources\ArcToolbox\toolboxes\Data Management Tools.tbx\UpdateSchema" Date="20220723" Time="203626">UpdateSchema "CIMDATA=&lt;CIMStandardDataConnection xsi:type='typens:CIMStandardDataConnection' xmlns:xsi='http://www.w3.org/2001/XMLSchema-instance' xmlns:xs='http://www.w3.org/2001/XMLSchema' xmlns:typens='http://www.esri.com/schemas/ArcGIS/2.9.0'&gt;&lt;WorkspaceConnectionString&gt;DATABASE=C:\Users\eme12539\Documents\ArcGIS\Projects\Hackathon\Hackathon.gdb&lt;/WorkspaceConnectionString&gt;&lt;WorkspaceFactory&gt;FileGDB&lt;/WorkspaceFactory&gt;&lt;Dataset&gt;ZoningParkingZips&lt;/Dataset&gt;&lt;DatasetType&gt;esriDTFeatureClass&lt;/DatasetType&gt;&lt;/CIMStandardDataConnection&gt;" &lt;operationSequence&gt;&lt;workflow&gt;&lt;AlterField&gt;&lt;field_name&gt;ParkingScore&lt;/field_name&gt;&lt;new_field_name&gt;ParkingScore&lt;/new_field_name&gt;&lt;field_is_nullable&gt;True&lt;/field_is_nullable&gt;&lt;clear_field_alias&gt;False&lt;/clear_field_alias&gt;&lt;/AlterField&gt;&lt;/workflow&gt;&lt;/operationSequence&gt;</Process><Process ToolSource="c:\program files\arcgis\pro\Resources\ArcToolbox\toolboxes\Data Management Tools.tbx\CalculateField" Date="20220723" Time="204117">CalculateField ZoningParkingZips ParkingScore "!ParkingDensity! / 26.547801" "Python 3" # Text NO_ENFORCE_DOMAINS</Process><Process ToolSource="c:\program files\arcgis\pro\Resources\ArcToolbox\toolboxes\Data Management Tools.tbx\CalculateField" Date="20220723" Time="204406">CalculateField ZoningParkingZips ParkingScore "!ParkingScore! * 100" "Python 3" # Text NO_ENFORCE_DOMAINS</Process><Process ToolSource="c:\program files\arcgis\pro\Resources\ArcToolbox\toolboxes\Analysis Tools.tbx\SpatialJoin" Date="20220723" Time="205136">SpatialJoin ZoningParkingZips TrafficCountsTrimmed C:\Users\eme12539\Documents\ArcGIS\Projects\Hackathon\Hackathon.gdb\ZipsParkingTraffic "Join one to one" KEEP_ALL "Join_Count "Join_Count" true true false 4 Long 0 0,First,#,ZoningParkingZips,Join_Count,-1,-1;TARGET_FID "TARGET_FID" true true false 4 Long 0 0,First,#,ZoningParkingZips,TARGET_FID,-1,-1;CITY "CITY" true true false 2 Text 0 0,First,#,ZoningParkingZips,CITY,0,2;ZIPCODE "ZIPCODE" true true false 5 Text 0 0,First,#,ZoningParkingZips,ZIPCODE,0,5;ZIP "ZIP" true true false 4 Long 0 0,First,#,ZoningParkingZips,ZIP,-1,-1;TOOLTIP "TOOLTIP" true true false 15 Text 0 0,First,#,ZoningParkingZips,TOOLTIP,0,15;NLA_URL "NLA_URL" true true false 1 Text 0 0,First,#,ZoningParkingZips,NLA_URL,0,1;AnalysisAr "AnalysisAr" true true false 8 Double 0 0,First,#,ZoningParkingZips,AnalysisAr,-1,-1;Area "Area" true true false 8 Double 0 0,First,#,ZoningParkingZips,Area,-1,-1;ZIPCODE_1 "ZIPCODE" true true false 4 Long 0 0,First,#,ZoningParkingZips,ZIPCODE_1,-1,-1;Latitude "Latitude" true true false 8 Double 0 0,First,#,ZoningParkingZips,Latitude,-1,-1,TrafficCountsTrimmed,Latitude,-1,-1;Longitude "Longitude" true true false 8 Double 0 0,First,#,ZoningParkingZips,Longitude,-1,-1,TrafficCountsTrimmed,Longitude,-1,-1;Walk_Score "Walk Score" true true false 4 Long 0 0,First,#,ZoningParkingZips,Walk_Score,-1,-1;Walk_Description "Walk Description" true true false 8000 Text 0 0,First,#,ZoningParkingZips,Walk_Description,0,8000;Transit_Score "Transit Score" true true false 4 Long 0 0,First,#,ZoningParkingZips,Transit_Score,-1,-1;Transit_Description "Transit Description" true true false 8000 Text 0 0,First,#,ZoningParkingZips,Transit_Description,0,8000;Bike_Score "Bike Score" true true false 4 Long 0 0,First,#,ZoningParkingZips,Bike_Score,-1,-1;Bike_Description "Bike Description" true true false 8000 Text 0 0,First,#,ZoningParkingZips,Bike_Description,0,8000;OBJECTID "OBJECTID" true true false 4 Long 0 0,First,#,ZoningParkingZips,OBJECTID,-1,-1;ZONE_CMPLT "ZONE_CMPLT" true true false 23 Text 0 0,First,#,ZoningParkingZips,ZONE_CMPLT,0,23;ZONE_CLASS "ZONE_CLASS" true true false 16 Text 0 0,First,#,ZoningParkingZips,ZONE_CLASS,0,16;ZONE_SMRY "ZONE_SMRY" true true false 15 Text 0 0,First,#,ZoningParkingZips,ZONE_SMRY,0,15;SHAPE_Leng "SHAPE_Leng" true true false 8 Double 0 0,First,#,ZoningParkingZips,SHAPE_Leng,-1,-1;ORIG_FID "ORIG_FID" true true false 4 Long 0 0,First,#,ZoningParkingZips,ORIG_FID,-1,-1;Shape_Length "Shape_Length" false true true 8 Double 0 0,First,#,ZoningParkingZips,Shape_Length,-1,-1;Shape_Area "Shape_Area" false true true 8 Double 0 0,First,#,ZoningParkingZips,Shape_Area,-1,-1;ParkingDensity "ParkingDensity" true true false 8 Double 0 0,First,#,ZoningParkingZips,ParkingDensity,-1,-1;ParkingScore "ParkingScore" true true false 8 Double 0 0,First,#,ZoningParkingZips,ParkingScore,-1,-1;Street "Street" true true false 100 Text 0 0,First,#,TrafficCountsTrimmed,Street,0,100;Traffic1 "Traffic1" true true false 8 Double 0 0,First,#,TrafficCountsTrimmed,Traffic1,-1,-1;Cnttype1 "Cnttype1" true true false 30 Text 0 0,First,#,TrafficCountsTrimmed,Cnttype1,0,30;Cnt1year "Cnt1year" true true false 4 Long 0 0,First,#,TrafficCountsTrimmed,Cnt1year,-1,-1;CrossSt "CrossSt" true true false 100 Text 0 0,First,#,TrafficCountsTrimmed,CrossSt,0,100;CrossDir "CrossDir" true true false 2 Text 0 0,First,#,TrafficCountsTrimmed,CrossDir,0,2;CrossDist "CrossDist" true true false 4 Float 0 0,First,#,TrafficCountsTrimmed,CrossDist,-1,-1;Traffic2 "Traffic2" true true false 8 Double 0 0,First,#,TrafficCountsTrimmed,Traffic2,-1,-1;Cnttype2 "Cnttype2" true true false 30 Text 0 0,First,#,TrafficCountsTrimmed,Cnttype2,0,30;Cnt2year "Cnt2year" true true false 4 Long 0 0,First,#,TrafficCountsTrimmed,Cnt2year,-1,-1;Traffic3 "Traffic3" true true false 8 Double 0 0,First,#,TrafficCountsTrimmed,Traffic3,-1,-1;Cnttype3 "Cnttype3" true true false 30 Text 0 0,First,#,TrafficCountsTrimmed,Cnttype3,0,30;Cnt3year "Cnt3year" true true false 4 Long 0 0,First,#,TrafficCountsTrimmed,Cnt3year,-1,-1;Traffic4 "Traffic4" true true false 8 Double 0 0,First,#,TrafficCountsTrimmed,Traffic4,-1,-1;Cnttype4 "Cnttype4" true true false 30 Text 0 0,First,#,TrafficCountsTrimmed,Cnttype4,0,30;Cnt4year "Cnt4year" true true false 4 Long 0 0,First,#,TrafficCountsTrimmed,Cnt4year,-1,-1;Traffic5 "Traffic5" true true false 8 Double 0 0,First,#,TrafficCountsTrimmed,Traffic5,-1,-1;Cnttype5 "Cnttype5" true true false 30 Text 0 0,First,#,TrafficCountsTrimmed,Cnttype5,0,30;Cnt5year "Cnt5year" true true false 4 Long 0 0,First,#,TrafficCountsTrimmed,Cnt5year,-1,-1;GEOID "GEOID" true true false 16 Text 0 0,First,#,TrafficCountsTrimmed,GEOID,0,16;ST_ABBREV "ST_ABBREV" true true false 2 Text 0 0,First,#,TrafficCountsTrimmed,ST_ABBREV,0,2;YEARDIFF "YEARDIFF" true true false 4 Long 0 0,First,#,TrafficCountsTrimmed,YEARDIFF,-1,-1;COUNTDIFF "COUNTDIFF" true true false 8 Double 0 0,First,#,TrafficCountsTrimmed,COUNTDIFF,-1,-1;PCTDIFF "PCTDIFF" true true false 8 Double 0 0,First,#,TrafficCountsTrimmed,PCTDIFF,-1,-1;Count_on_H "Count_on_H" true true false 1 Text 0 0,First,#,TrafficCountsTrimmed,Count_on_H,0,1" Contains # #</Process><Process ToolSource="c:\program files\arcgis\pro\Resources\ArcToolbox\toolboxes\Data Management Tools.tbx\UpdateSchema" Date="20220723" Time="205408">UpdateSchema "CIMDATA=&lt;CIMStandardDataConnection xsi:type='typens:CIMStandardDataConnection' xmlns:xsi='http://www.w3.org/2001/XMLSchema-instance' xmlns:xs='http://www.w3.org/2001/XMLSchema' xmlns:typens='http://www.esri.com/schemas/ArcGIS/2.9.0'&gt;&lt;WorkspaceConnectionString&gt;DATABASE=C:\Users\eme12539\Documents\ArcGIS\Projects\Hackathon\Hackathon.gdb&lt;/WorkspaceConnectionString&gt;&lt;WorkspaceFactory&gt;FileGDB&lt;/WorkspaceFactory&gt;&lt;Dataset&gt;ZipsParkingTraffic&lt;/Dataset&gt;&lt;DatasetType&gt;esriDTFeatureClass&lt;/DatasetType&gt;&lt;/CIMStandardDataConnection&gt;" &lt;operationSequence&gt;&lt;workflow&gt;&lt;AlterField&gt;&lt;field_name&gt;Join_Count&lt;/field_name&gt;&lt;new_field_name&gt;Join_CountParking&lt;/new_field_name&gt;&lt;field_is_nullable&gt;True&lt;/field_is_nullable&gt;&lt;clear_field_alias&gt;False&lt;/clear_field_alias&gt;&lt;/AlterField&gt;&lt;/workflow&gt;&lt;/operationSequence&gt;</Process><Process ToolSource="c:\program files\arcgis\pro\Resources\ArcToolbox\toolboxes\Data Management Tools.tbx\UpdateSchema" Date="20220723" Time="205553">UpdateSchema "CIMDATA=&lt;CIMStandardDataConnection xsi:type='typens:CIMStandardDataConnection' xmlns:xsi='http://www.w3.org/2001/XMLSchema-instance' xmlns:xs='http://www.w3.org/2001/XMLSchema' xmlns:typens='http://www.esri.com/schemas/ArcGIS/2.9.0'&gt;&lt;WorkspaceConnectionString&gt;DATABASE=C:\Users\eme12539\Documents\ArcGIS\Projects\Hackathon\Hackathon.gdb&lt;/WorkspaceConnectionString&gt;&lt;WorkspaceFactory&gt;FileGDB&lt;/WorkspaceFactory&gt;&lt;Dataset&gt;ZipsParkingTraffic&lt;/Dataset&gt;&lt;DatasetType&gt;esriDTFeatureClass&lt;/DatasetType&gt;&lt;/CIMStandardDataConnection&gt;" &lt;operationSequence&gt;&lt;workflow&gt;&lt;AddField&gt;&lt;field_name&gt;TrafficDensity&lt;/field_name&gt;&lt;field_type&gt;DOUBLE&lt;/field_type&gt;&lt;field_alias&gt;TrafficDensity&lt;/field_alias&gt;&lt;field_is_nullable&gt;True&lt;/field_is_nullable&gt;&lt;field_is_required&gt;False&lt;/field_is_required&gt;&lt;/AddField&gt;&lt;/workflow&gt;&lt;workflow&gt;&lt;AddField&gt;&lt;field_name&gt;TrafficScore&lt;/field_name&gt;&lt;field_type&gt;DOUBLE&lt;/field_type&gt;&lt;field_alias&gt;TrafficScore&lt;/field_alias&gt;&lt;field_is_nullable&gt;True&lt;/field_is_nullable&gt;&lt;field_is_required&gt;False&lt;/field_is_required&gt;&lt;/AddField&gt;&lt;/workflow&gt;&lt;/operationSequence&gt;</Process><Process ToolSource="c:\program files\arcgis\pro\Resources\ArcToolbox\toolboxes\Data Management Tools.tbx\CalculateField" Date="20220723" Time="205758">CalculateField ZipsParkingTraffic TrafficDensity "!Join_Count_1! / !Area!" "Python 3" # Text NO_ENFORCE_DOMAINS</Process><Process ToolSource="c:\program files\arcgis\pro\Resources\ArcToolbox\toolboxes\Data Management Tools.tbx\CalculateField" Date="20220723" Time="210201">CalculateField ZipsParkingTraffic TrafficScore "(1508.631763 - !TrafficDensity!)  / (1508.631763 -0) " "Python 3" # Text NO_ENFORCE_DOMAINS</Process><Process ToolSource="c:\program files\arcgis\pro\Resources\ArcToolbox\toolboxes\Data Management Tools.tbx\CalculateField" Date="20220723" Time="210315">CalculateField ZipsParkingTraffic TrafficScore "((1508.631763 - !TrafficDensity!)  / (1508.631763 -0) ) * 100" "Python 3" # Text NO_ENFORCE_DOMAINS</Process><Process ToolSource="c:\program files\arcgis\pro\Resources\ArcToolbox\toolboxes\Analysis Tools.tbx\SpatialJoin" Date="20220723" Time="211438">SpatialJoin ZipsParkingTraffic CollisionsTrimmed C:\Users\eme12539\Documents\ArcGIS\Projects\Hackathon\Hackathon.gdb\ZipsParkingTrafficCollisions "Join one to one" KEEP_ALL "Join_CountParking "Join_CountParking" true true false 4 Long 0 0,First,#,ZipsParkingTraffic,Join_CountParking,-1,-1;TARGET_FID "TARGET_FID" true true false 4 Long 0 0,First,#,ZipsParkingTraffic,TARGET_FID,-1,-1;Join_Count_1 "Join_Count" true true false 4 Long 0 0,First,#,ZipsParkingTraffic,Join_Count_1,-1,-1;TARGET_FID_1 "TARGET_FID" true true false 4 Long 0 0,First,#,ZipsParkingTraffic,TARGET_FID_1,-1,-1;CITY "CITY" true true false 2 Text 0 0,First,#,ZipsParkingTraffic,CITY,0,2,CollisionsTrimmed,city,0,11;ZIPCODE "ZIPCODE" true true false 5 Text 0 0,First,#,ZipsParkingTraffic,ZIPCODE,0,5;ZIP "ZIP" true true false 4 Long 0 0,First,#,ZipsParkingTraffic,ZIP,-1,-1;TOOLTIP "TOOLTIP" true true false 15 Text 0 0,First,#,ZipsParkingTraffic,TOOLTIP,0,15;NLA_URL "NLA_URL" true true false 1 Text 0 0,First,#,ZipsParkingTraffic,NLA_URL,0,1;AnalysisAr "AnalysisAr" true true false 8 Double 0 0,First,#,ZipsParkingTraffic,AnalysisAr,-1,-1;Area "Area" true true false 8 Double 0 0,First,#,ZipsParkingTraffic,Area,-1,-1;ZIPCODE_1 "ZIPCODE" true true false 4 Long 0 0,First,#,ZipsParkingTraffic,ZIPCODE_1,-1,-1;Latitude "Latitude" true true false 8 Double 0 0,First,#,ZipsParkingTraffic,Latitude,-1,-1,CollisionsTrimmed,latitude,-1,-1;Longitude "Longitude" true true false 8 Double 0 0,First,#,ZipsParkingTraffic,Longitude,-1,-1,CollisionsTrimmed,longitude,-1,-1;Walk_Score "Walk Score" true true false 4 Long 0 0,First,#,ZipsParkingTraffic,Walk_Score,-1,-1;Walk_Description "Walk Description" true true false 8000 Text 0 0,First,#,ZipsParkingTraffic,Walk_Description,0,8000;Transit_Score "Transit Score" true true false 4 Long 0 0,First,#,ZipsParkingTraffic,Transit_Score,-1,-1;Transit_Description "Transit Description" true true false 8000 Text 0 0,First,#,ZipsParkingTraffic,Transit_Description,0,8000;Bike_Score "Bike Score" true true false 4 Long 0 0,First,#,ZipsParkingTraffic,Bike_Score,-1,-1;Bike_Description "Bike Description" true true false 8000 Text 0 0,First,#,ZipsParkingTraffic,Bike_Description,0,8000;OBJECTID "OBJECTID" true true false 4 Long 0 0,First,#,ZipsParkingTraffic,OBJECTID,-1,-1,CollisionsTrimmed,OBJECTID,-1,-1;ZONE_CMPLT "ZONE_CMPLT" true true false 23 Text 0 0,First,#,ZipsParkingTraffic,ZONE_CMPLT,0,23;ZONE_CLASS "ZONE_CLASS" true true false 16 Text 0 0,First,#,ZipsParkingTraffic,ZONE_CLASS,0,16;ZONE_SMRY "ZONE_SMRY" true true false 15 Text 0 0,First,#,ZipsParkingTraffic,ZONE_SMRY,0,15;SHAPE_Leng "SHAPE_Leng" true true false 8 Double 0 0,First,#,ZipsParkingTraffic,SHAPE_Leng,-1,-1;ORIG_FID "ORIG_FID" true true false 4 Long 0 0,First,#,ZipsParkingTraffic,ORIG_FID,-1,-1;ParkingDensity "ParkingDensity" true true false 8 Double 0 0,First,#,ZipsParkingTraffic,ParkingDensity,-1,-1;ParkingScore "ParkingScore" true true false 8 Double 0 0,First,#,ZipsParkingTraffic,ParkingScore,-1,-1;Street "Street" true true false 100 Text 0 0,First,#,ZipsParkingTraffic,Street,0,100;Traffic1 "Traffic1" true true false 8 Double 0 0,First,#,ZipsParkingTraffic,Traffic1,-1,-1;Cnttype1 "Cnttype1" true true false 30 Text 0 0,First,#,ZipsParkingTraffic,Cnttype1,0,30;Cnt1year "Cnt1year" true true false 4 Long 0 0,First,#,ZipsParkingTraffic,Cnt1year,-1,-1;CrossSt "CrossSt" true true false 100 Text 0 0,First,#,ZipsParkingTraffic,CrossSt,0,100;CrossDir "CrossDir" true true false 2 Text 0 0,First,#,ZipsParkingTraffic,CrossDir,0,2;CrossDist "CrossDist" true true false 4 Float 0 0,First,#,ZipsParkingTraffic,CrossDist,-1,-1;Traffic2 "Traffic2" true true false 8 Double 0 0,First,#,ZipsParkingTraffic,Traffic2,-1,-1;Cnttype2 "Cnttype2" true true false 30 Text 0 0,First,#,ZipsParkingTraffic,Cnttype2,0,30;Cnt2year "Cnt2year" true true false 4 Long 0 0,First,#,ZipsParkingTraffic,Cnt2year,-1,-1;Traffic3 "Traffic3" true true false 8 Double 0 0,First,#,ZipsParkingTraffic,Traffic3,-1,-1;Cnttype3 "Cnttype3" true true false 30 Text 0 0,First,#,ZipsParkingTraffic,Cnttype3,0,30;Cnt3year "Cnt3year" true true false 4 Long 0 0,First,#,ZipsParkingTraffic,Cnt3year,-1,-1;Traffic4 "Traffic4" true true false 8 Double 0 0,First,#,ZipsParkingTraffic,Traffic4,-1,-1;Cnttype4 "Cnttype4" true true false 30 Text 0 0,First,#,ZipsParkingTraffic,Cnttype4,0,30;Cnt4year "Cnt4year" true true false 4 Long 0 0,First,#,ZipsParkingTraffic,Cnt4year,-1,-1;Traffic5 "Traffic5" true true false 8 Double 0 0,First,#,ZipsParkingTraffic,Traffic5,-1,-1;Cnttype5 "Cnttype5" true true false 30 Text 0 0,First,#,ZipsParkingTraffic,Cnttype5,0,30;Cnt5year "Cnt5year" true true false 4 Long 0 0,First,#,ZipsParkingTraffic,Cnt5year,-1,-1;GEOID "GEOID" true true false 16 Text 0 0,First,#,ZipsParkingTraffic,GEOID,0,16;ST_ABBREV "ST_ABBREV" true true false 2 Text 0 0,First,#,ZipsParkingTraffic,ST_ABBREV,0,2;YEARDIFF "YEARDIFF" true true false 4 Long 0 0,First,#,ZipsParkingTraffic,YEARDIFF,-1,-1;COUNTDIFF "COUNTDIFF" true true false 8 Double 0 0,First,#,ZipsParkingTraffic,COUNTDIFF,-1,-1;PCTDIFF "PCTDIFF" true true false 8 Double 0 0,First,#,ZipsParkingTraffic,PCTDIFF,-1,-1;Count_on_H "Count_on_H" true true false 1 Text 0 0,First,#,ZipsParkingTraffic,Count_on_H,0,1;Shape_Length "Shape_Length" false true true 8 Double 0 0,First,#,ZipsParkingTraffic,Shape_Length,-1,-1;Shape_Area "Shape_Area" false true true 8 Double 0 0,First,#,ZipsParkingTraffic,Shape_Area,-1,-1;TrafficDensity "TrafficDensity" true true false 8 Double 0 0,First,#,ZipsParkingTraffic,TrafficDensity,-1,-1;TrafficScore "TrafficScore" true true false 8 Double 0 0,First,#,ZipsParkingTraffic,TrafficScore,-1,-1;case_id "case_id" true true false 4 Long 0 0,First,#,CollisionsTrimmed,case_id,-1,-1;accident_y "accident_y" true true false 2 Short 0 0,First,#,CollisionsTrimmed,accident_y,-1,-1;proc_date "proc_date" true true false 8 Date 0 0,First,#,CollisionsTrimmed,proc_date,-1,-1;juris "juris" true true false 2 Short 0 0,First,#,CollisionsTrimmed,juris,-1,-1;collision_ "collision_" true true false 8 Date 0 0,First,#,CollisionsTrimmed,collision_,-1,-1;collisio_1 "collisio_1" true true false 2 Short 0 0,First,#,CollisionsTrimmed,collisio_1,-1,-1;officer_id "officer_id" true true false 4 Long 0 0,First,#,CollisionsTrimmed,officer_id,-1,-1;reporting_ "reporting_" true true false 5 Text 0 0,First,#,CollisionsTrimmed,reporting_,0,5;day_of_wee "day_of_wee" true true false 2 Short 0 0,First,#,CollisionsTrimmed,day_of_wee,-1,-1;chp_shift "chp_shift" true true false 2 Short 0 0,First,#,CollisionsTrimmed,chp_shift,-1,-1;population "population" true true false 2 Short 0 0,First,#,CollisionsTrimmed,population,-1,-1;cnty_city_ "cnty_city_" true true false 2 Short 0 0,First,#,CollisionsTrimmed,cnty_city_,-1,-1;special_co "special_co" true true false 2 Short 0 0,First,#,CollisionsTrimmed,special_co,-1,-1;beat_type "beat_type" true true false 2 Short 0 0,First,#,CollisionsTrimmed,beat_type,-1,-1;chp_beat_t "chp_beat_t" true true false 2 Short 0 0,First,#,CollisionsTrimmed,chp_beat_t,-1,-1;city_divis "city_divis" true true false 1 Text 0 0,First,#,CollisionsTrimmed,city_divis,0,1;chp_beat_c "chp_beat_c" true true false 2 Short 0 0,First,#,CollisionsTrimmed,chp_beat_c,-1,-1;beat_numbe "beat_numbe" true true false 6 Text 0 0,First,#,CollisionsTrimmed,beat_numbe,0,6;primary_rd "primary_rd" true true false 35 Text 0 0,First,#,CollisionsTrimmed,primary_rd,0,35;secondary_ "secondary_" true true false 36 Text 0 0,First,#,CollisionsTrimmed,secondary_,0,36;distance "distance" true true false 4 Long 0 0,First,#,CollisionsTrimmed,distance,-1,-1;direction "direction" true true false 1 Text 0 0,First,#,CollisionsTrimmed,direction,0,1;intersecti "intersecti" true true false 1 Text 0 0,First,#,CollisionsTrimmed,intersecti,0,1;weather_1 "weather_1" true true false 1 Text 0 0,First,#,CollisionsTrimmed,weather_1,0,1;weather_2 "weather_2" true true false 1 Text 0 0,First,#,CollisionsTrimmed,weather_2,0,1;state_hwy_ "state_hwy_" true true false 1 Text 0 0,First,#,CollisionsTrimmed,state_hwy_,0,1;caltrans_c "caltrans_c" true true false 2 Text 0 0,First,#,CollisionsTrimmed,caltrans_c,0,2;caltrans_d "caltrans_d" true true false 2 Short 0 0,First,#,CollisionsTrimmed,caltrans_d,-1,-1;state_rout "state_rout" true true false 2 Short 0 0,First,#,CollisionsTrimmed,state_rout,-1,-1;route_suff "route_suff" true true false 1 Text 0 0,First,#,CollisionsTrimmed,route_suff,0,1;postmile_p "postmile_p" true true false 1 Text 0 0,First,#,CollisionsTrimmed,postmile_p,0,1;postmile "postmile" true true false 8 Double 0 0,First,#,CollisionsTrimmed,postmile,-1,-1;location_t "location_t" true true false 1 Text 0 0,First,#,CollisionsTrimmed,location_t,0,1;ramp_inter "ramp_inter" true true false 1 Text 0 0,First,#,CollisionsTrimmed,ramp_inter,0,1;side_of_hw "side_of_hw" true true false 1 Text 0 0,First,#,CollisionsTrimmed,side_of_hw,0,1;tow_away "tow_away" true true false 1 Text 0 0,First,#,CollisionsTrimmed,tow_away,0,1;collisio_2 "collisio_2" true true false 2 Short 0 0,First,#,CollisionsTrimmed,collisio_2,-1,-1;number_kil "number_kil" true true false 2 Short 0 0,First,#,CollisionsTrimmed,number_kil,-1,-1;number_inj "number_inj" true true false 2 Short 0 0,First,#,CollisionsTrimmed,number_inj,-1,-1;party_coun "party_coun" true true false 2 Short 0 0,First,#,CollisionsTrimmed,party_coun,-1,-1;primary_co "primary_co" true true false 1 Text 0 0,First,#,CollisionsTrimmed,primary_co,0,1;pcf_code_o "pcf_code_o" true true false 1 Text 0 0,First,#,CollisionsTrimmed,pcf_code_o,0,1;pcf_viol_c "pcf_viol_c" true true false 2 Short 0 0,First,#,CollisionsTrimmed,pcf_viol_c,-1,-1;pcf_violat "pcf_violat" true true false 4 Long 0 0,First,#,CollisionsTrimmed,pcf_violat,-1,-1;pcf_viol_s "pcf_viol_s" true true false 1 Text 0 0,First,#,CollisionsTrimmed,pcf_viol_s,0,1;hit_and_ru "hit_and_ru" true true false 1 Text 0 0,First,#,CollisionsTrimmed,hit_and_ru,0,1;type_of_co "type_of_co" true true false 1 Text 0 0,First,#,CollisionsTrimmed,type_of_co,0,1;mviw "mviw" true true false 1 Text 0 0,First,#,CollisionsTrimmed,mviw,0,1;ped_action "ped_action" true true false 1 Text 0 0,First,#,CollisionsTrimmed,ped_action,0,1;road_surfa "road_surfa" true true false 1 Text 0 0,First,#,CollisionsTrimmed,road_surfa,0,1;road_cond_ "road_cond_" true true false 1 Text 0 0,First,#,CollisionsTrimmed,road_cond_,0,1;road_con_1 "road_con_1" true true false 1 Text 0 0,First,#,CollisionsTrimmed,road_con_1,0,1;lighting "lighting" true true false 1 Text 0 0,First,#,CollisionsTrimmed,lighting,0,1;control_de "control_de" true true false 1 Text 0 0,First,#,CollisionsTrimmed,control_de,0,1;chp_road_t "chp_road_t" true true false 2 Short 0 0,First,#,CollisionsTrimmed,chp_road_t,-1,-1;pedestrian "pedestrian" true true false 1 Text 0 0,First,#,CollisionsTrimmed,pedestrian,0,1;bicycle_ac "bicycle_ac" true true false 1 Text 0 0,First,#,CollisionsTrimmed,bicycle_ac,0,1;motorcycle "motorcycle" true true false 1 Text 0 0,First,#,CollisionsTrimmed,motorcycle,0,1;truck_acci "truck_acci" true true false 1 Text 0 0,First,#,CollisionsTrimmed,truck_acci,0,1;not_privat "not_privat" true true false 1 Text 0 0,First,#,CollisionsTrimmed,not_privat,0,1;alcohol_in "alcohol_in" true true false 1 Text 0 0,First,#,CollisionsTrimmed,alcohol_in,0,1;stwd_vehty "stwd_vehty" true true false 1 Text 0 0,First,#,CollisionsTrimmed,stwd_vehty,0,1;chp_vehtyp "chp_vehtyp" true true false 2 Text 0 0,First,#,CollisionsTrimmed,chp_vehtyp,0,2;count_seve "count_seve" true true false 2 Short 0 0,First,#,CollisionsTrimmed,count_seve,-1,-1;count_visi "count_visi" true true false 2 Short 0 0,First,#,CollisionsTrimmed,count_visi,-1,-1;count_comp "count_comp" true true false 2 Short 0 0,First,#,CollisionsTrimmed,count_comp,-1,-1;count_ped_ "count_ped_" true true false 2 Short 0 0,First,#,CollisionsTrimmed,count_ped_,-1,-1;count_pe_1 "count_pe_1" true true false 2 Short 0 0,First,#,CollisionsTrimmed,count_pe_1,-1,-1;count_bicy "count_bicy" true true false 2 Short 0 0,First,#,CollisionsTrimmed,count_bicy,-1,-1;count_bi_1 "count_bi_1" true true false 2 Short 0 0,First,#,CollisionsTrimmed,count_bi_1,-1,-1;count_mc_k "count_mc_k" true true false 2 Short 0 0,First,#,CollisionsTrimmed,count_mc_k,-1,-1;count_mc_i "count_mc_i" true true false 2 Short 0 0,First,#,CollisionsTrimmed,count_mc_i,-1,-1;primary_ra "primary_ra" true true false 2 Text 0 0,First,#,CollisionsTrimmed,primary_ra,0,2;secondar_1 "secondar_1" true true false 2 Text 0 0,First,#,CollisionsTrimmed,secondar_1,0,2;timecat "timecat" true true false 2 Short 0 0,First,#,CollisionsTrimmed,timecat,-1,-1;month_ "month_" true true false 2 Short 0 0,First,#,CollisionsTrimmed,month_,-1,-1;county "county" true true false 11 Text 0 0,First,#,CollisionsTrimmed,county,0,11;state "state" true true false 2 Text 0 0,First,#,CollisionsTrimmed,state,0,2;point_x "point_x" true true false 8 Double 0 0,First,#,CollisionsTrimmed,point_x,-1,-1;point_y "point_y" true true false 8 Double 0 0,First,#,CollisionsTrimmed,point_y,-1,-1;match_addr "match_addr" true true false 65 Text 0 0,First,#,CollisionsTrimmed,match_addr,0,65;m_primaryr "m_primaryr" true true false 35 Text 0 0,First,#,CollisionsTrimmed,m_primaryr,0,35;m_secondrd "m_secondrd" true true false 36 Text 0 0,First,#,CollisionsTrimmed,m_secondrd,0,36;int_id "int_id" true true false 4 Long 0 0,First,#,CollisionsTrimmed,int_id,-1,-1" "Completely contains" # #</Process><Process ToolSource="c:\program files\arcgis\pro\Resources\ArcToolbox\toolboxes\Data Management Tools.tbx\UpdateSchema" Date="20220723" Time="212259">UpdateSchema "CIMDATA=&lt;CIMStandardDataConnection xsi:type='typens:CIMStandardDataConnection' xmlns:xsi='http://www.w3.org/2001/XMLSchema-instance' xmlns:xs='http://www.w3.org/2001/XMLSchema' xmlns:typens='http://www.esri.com/schemas/ArcGIS/2.9.0'&gt;&lt;WorkspaceConnectionString&gt;DATABASE=C:\Users\eme12539\Documents\ArcGIS\Projects\Hackathon\Hackathon.gdb&lt;/WorkspaceConnectionString&gt;&lt;WorkspaceFactory&gt;FileGDB&lt;/WorkspaceFactory&gt;&lt;Dataset&gt;ZipsParkingTrafficCollisions&lt;/Dataset&gt;&lt;DatasetType&gt;esriDTFeatureClass&lt;/DatasetType&gt;&lt;/CIMStandardDataConnection&gt;" &lt;operationSequence&gt;&lt;workflow&gt;&lt;AddField&gt;&lt;field_name&gt;CollisionDensity&lt;/field_name&gt;&lt;field_type&gt;LONG&lt;/field_type&gt;&lt;field_alias&gt;CollisionDensity&lt;/field_alias&gt;&lt;field_is_nullable&gt;True&lt;/field_is_nullable&gt;&lt;field_is_required&gt;False&lt;/field_is_required&gt;&lt;/AddField&gt;&lt;/workflow&gt;&lt;workflow&gt;&lt;AddField&gt;&lt;field_name&gt;CollisionScore&lt;/field_name&gt;&lt;field_type&gt;LONG&lt;/field_type&gt;&lt;field_alias&gt;CollisionScore&lt;/field_alias&gt;&lt;field_is_nullable&gt;True&lt;/field_is_nullable&gt;&lt;field_is_required&gt;False&lt;/field_is_required&gt;&lt;/AddField&gt;&lt;/workflow&gt;&lt;/operationSequence&gt;</Process><Process ToolSource="c:\program files\arcgis\pro\Resources\ArcToolbox\toolboxes\Data Management Tools.tbx\CalculateField" Date="20220723" Time="212434">CalculateField ZipsParkingTrafficCollisions CollisionDensity "!Join_Count! / !Area!" "Python 3" # Text NO_ENFORCE_DOMAINS</Process><Process ToolSource="c:\program files\arcgis\pro\Resources\ArcToolbox\toolboxes\Data Management Tools.tbx\UpdateSchema" Date="20220723" Time="212545">UpdateSchema "CIMDATA=&lt;CIMStandardDataConnection xsi:type='typens:CIMStandardDataConnection' xmlns:xsi='http://www.w3.org/2001/XMLSchema-instance' xmlns:xs='http://www.w3.org/2001/XMLSchema' xmlns:typens='http://www.esri.com/schemas/ArcGIS/2.9.0'&gt;&lt;WorkspaceConnectionString&gt;DATABASE=C:\Users\eme12539\Documents\ArcGIS\Projects\Hackathon\Hackathon.gdb&lt;/WorkspaceConnectionString&gt;&lt;WorkspaceFactory&gt;FileGDB&lt;/WorkspaceFactory&gt;&lt;Dataset&gt;ZipsParkingTrafficCollisions&lt;/Dataset&gt;&lt;DatasetType&gt;esriDTFeatureClass&lt;/DatasetType&gt;&lt;/CIMStandardDataConnection&gt;" &lt;operationSequence&gt;&lt;workflow&gt;&lt;DeleteField&gt;&lt;field_name&gt;CollisionDensity&lt;/field_name&gt;&lt;field_name&gt;CollisionScore&lt;/field_name&gt;&lt;/DeleteField&gt;&lt;/workflow&gt;&lt;workflow&gt;&lt;AddField&gt;&lt;field_name&gt;CollisionDensity&lt;/field_name&gt;&lt;field_type&gt;DOUBLE&lt;/field_type&gt;&lt;field_alias&gt;CollisionDensity&lt;/field_alias&gt;&lt;field_is_nullable&gt;True&lt;/field_is_nullable&gt;&lt;field_is_required&gt;False&lt;/field_is_required&gt;&lt;/AddField&gt;&lt;/workflow&gt;&lt;workflow&gt;&lt;AddField&gt;&lt;field_name&gt;CollisionScore&lt;/field_name&gt;&lt;field_type&gt;DOUBLE&lt;/field_type&gt;&lt;field_alias&gt;CollisionScore&lt;/field_alias&gt;&lt;field_is_nullable&gt;True&lt;/field_is_nullable&gt;&lt;field_is_required&gt;False&lt;/field_is_required&gt;&lt;/AddField&gt;&lt;/workflow&gt;&lt;/operationSequence&gt;</Process><Process ToolSource="c:\program files\arcgis\pro\Resources\ArcToolbox\toolboxes\Data Management Tools.tbx\CalculateField" Date="20220723" Time="212613">CalculateField ZipsParkingTrafficCollisions CollisionDensity "!Join_Count! / !Area!" "Python 3" # Text NO_ENFORCE_DOMAINS</Process><Process ToolSource="c:\program files\arcgis\pro\Resources\ArcToolbox\toolboxes\Data Management Tools.tbx\CalculateField" Date="20220723" Time="213116">CalculateField ZipsParkingTrafficCollisions CollisionScore "(4525.895288 - !CollisionDensity!)  / (4525.895288 - 0)" "Python 3" # Text NO_ENFORCE_DOMAINS</Process><Process ToolSource="c:\program files\arcgis\pro\Resources\ArcToolbox\toolboxes\Data Management Tools.tbx\CalculateField" Date="20220723" Time="213141">CalculateField ZipsParkingTrafficCollisions CollisionScore "((4525.895288 - !CollisionDensity!)  / (4525.895288 - 0)) * 100" "Python 3" # Text NO_ENFORCE_DOMAINS</Process><Process ToolSource="c:\program files\arcgis\pro\Resources\ArcToolbox\toolboxes\Data Management Tools.tbx\UpdateSchema" Date="20220723" Time="213330">UpdateSchema "CIMDATA=&lt;CIMStandardDataConnection xsi:type='typens:CIMStandardDataConnection' xmlns:xsi='http://www.w3.org/2001/XMLSchema-instance' xmlns:xs='http://www.w3.org/2001/XMLSchema' xmlns:typens='http://www.esri.com/schemas/ArcGIS/2.9.0'&gt;&lt;WorkspaceConnectionString&gt;DATABASE=C:\Users\eme12539\Documents\ArcGIS\Projects\Hackathon\Hackathon.gdb&lt;/WorkspaceConnectionString&gt;&lt;WorkspaceFactory&gt;FileGDB&lt;/WorkspaceFactory&gt;&lt;Dataset&gt;ZipsParkingTrafficCollisions&lt;/Dataset&gt;&lt;DatasetType&gt;esriDTFeatureClass&lt;/DatasetType&gt;&lt;/CIMStandardDataConnection&gt;" &lt;operationSequence&gt;&lt;workflow&gt;&lt;AddField&gt;&lt;field_name&gt;DrivingScore&lt;/field_name&gt;&lt;field_type&gt;DOUBLE&lt;/field_type&gt;&lt;field_alias&gt;DrivingScore&lt;/field_alias&gt;&lt;field_is_nullable&gt;True&lt;/field_is_nullable&gt;&lt;field_is_required&gt;False&lt;/field_is_required&gt;&lt;/AddField&gt;&lt;/workflow&gt;&lt;/operationSequence&gt;</Process><Process ToolSource="c:\program files\arcgis\pro\Resources\ArcToolbox\toolboxes\Data Management Tools.tbx\CalculateField" Date="20220723" Time="213535">CalculateField ZipsParkingTrafficCollisions DrivingScore "!ParkingScore! + !TrafficScore! + !CollisionScore!" "Python 3" # Text NO_ENFORCE_DOMAINS</Process><Process ToolSource="c:\program files\arcgis\pro\Resources\ArcToolbox\toolboxes\Data Management Tools.tbx\CalculateField" Date="20220723" Time="213605">CalculateField ZipsParkingTrafficCollisions DrivingScore "(!ParkingScore! + !TrafficScore! + !CollisionScore!) / 3" "Python 3" # Text NO_ENFORCE_DOMAINS</Process><Process ToolSource="c:\program files\arcgis\pro\Resources\ArcToolbox\toolboxes\Data Management Tools.tbx\UpdateSchema" Date="20220723" Time="215321">UpdateSchema "CIMDATA=&lt;CIMStandardDataConnection xsi:type='typens:CIMStandardDataConnection' xmlns:xsi='http://www.w3.org/2001/XMLSchema-instance' xmlns:xs='http://www.w3.org/2001/XMLSchema' xmlns:typens='http://www.esri.com/schemas/ArcGIS/2.9.0'&gt;&lt;WorkspaceConnectionString&gt;DATABASE=C:\Users\eme12539\Documents\ArcGIS\Projects\Hackathon\Hackathon.gdb&lt;/WorkspaceConnectionString&gt;&lt;WorkspaceFactory&gt;FileGDB&lt;/WorkspaceFactory&gt;&lt;Dataset&gt;ZipsParkingTrafficCollisions&lt;/Dataset&gt;&lt;DatasetType&gt;esriDTFeatureClass&lt;/DatasetType&gt;&lt;/CIMStandardDataConnection&gt;" &lt;operationSequence&gt;&lt;workflow&gt;&lt;AddField&gt;&lt;field_name&gt;Field&lt;/field_name&gt;&lt;field_type&gt;LONG&lt;/field_type&gt;&lt;field_alias&gt;Field&lt;/field_alias&gt;&lt;field_is_nullable&gt;True&lt;/field_is_nullable&gt;&lt;field_is_required&gt;False&lt;/field_is_required&gt;&lt;/AddField&gt;&lt;/workflow&gt;&lt;/operationSequence&gt;</Process><Process ToolSource="c:\program files\arcgis\pro\Resources\ArcToolbox\toolboxes\Data Management Tools.tbx\UpdateSchema" Date="20220723" Time="215413">UpdateSchema "CIMDATA=&lt;CIMStandardDataConnection xsi:type='typens:CIMStandardDataConnection' xmlns:xsi='http://www.w3.org/2001/XMLSchema-instance' xmlns:xs='http://www.w3.org/2001/XMLSchema' xmlns:typens='http://www.esri.com/schemas/ArcGIS/2.9.0'&gt;&lt;WorkspaceConnectionString&gt;DATABASE=C:\Users\eme12539\Documents\ArcGIS\Projects\Hackathon\Hackathon.gdb&lt;/WorkspaceConnectionString&gt;&lt;WorkspaceFactory&gt;FileGDB&lt;/WorkspaceFactory&gt;&lt;Dataset&gt;ZipsParkingTrafficCollisions&lt;/Dataset&gt;&lt;DatasetType&gt;esriDTFeatureClass&lt;/DatasetType&gt;&lt;/CIMStandardDataConnection&gt;" &lt;operationSequence&gt;&lt;workflow&gt;&lt;DeleteField&gt;&lt;field_name&gt;Field&lt;/field_name&gt;&lt;/DeleteField&gt;&lt;/workflow&gt;&lt;workflow&gt;&lt;AddField&gt;&lt;field_name&gt;OverallScore&lt;/field_name&gt;&lt;field_type&gt;DOUBLE&lt;/field_type&gt;&lt;field_alias&gt;OverallScore&lt;/field_alias&gt;&lt;field_is_nullable&gt;True&lt;/field_is_nullable&gt;&lt;field_is_required&gt;False&lt;/field_is_required&gt;&lt;/AddField&gt;&lt;/workflow&gt;&lt;/operationSequence&gt;</Process><Process ToolSource="c:\program files\arcgis\pro\Resources\ArcToolbox\toolboxes\Data Management Tools.tbx\UpdateSchema" Date="20220723" Time="223622">UpdateSchema "CIMDATA=&lt;CIMStandardDataConnection xsi:type='typens:CIMStandardDataConnection' xmlns:xsi='http://www.w3.org/2001/XMLSchema-instance' xmlns:xs='http://www.w3.org/2001/XMLSchema' xmlns:typens='http://www.esri.com/schemas/ArcGIS/2.9.0'&gt;&lt;WorkspaceConnectionString&gt;DATABASE=C:\Users\eme12539\Documents\ArcGIS\Projects\Hackathon\Hackathon.gdb&lt;/WorkspaceConnectionString&gt;&lt;WorkspaceFactory&gt;FileGDB&lt;/WorkspaceFactory&gt;&lt;Dataset&gt;ZipsParkingTrafficCollisions&lt;/Dataset&gt;&lt;DatasetType&gt;esriDTFeatureClass&lt;/DatasetType&gt;&lt;/CIMStandardDataConnection&gt;" &lt;operationSequence&gt;&lt;workflow&gt;&lt;AddField&gt;&lt;field_name&gt;RoundedScootScore&lt;/field_name&gt;&lt;field_type&gt;LONG&lt;/field_type&gt;&lt;field_alias&gt;RoundedScootScore&lt;/field_alias&gt;&lt;field_is_nullable&gt;True&lt;/field_is_nullable&gt;&lt;field_is_required&gt;False&lt;/field_is_required&gt;&lt;/AddField&gt;&lt;/workflow&gt;&lt;/operationSequence&gt;</Process><Process ToolSource="c:\program files\arcgis\pro\Resources\ArcToolbox\toolboxes\Conversion Tools.tbx\FeatureClassToFeatureClass" Date="20220723" Time="225133">FeatureClassToFeatureClass ZipsParkingTrafficCollisions C:\Users\eme12539\Desktop\AllScores AllScores.shp # "ZIPCODE "ZIPCODE" true true false 5 Text 0 0,First,#,ZipsParkingTrafficCollisions,ZipsParkingTrafficCollisions.ZIPCODE,0,5;Walk_Score "Walk Score" true true false 4 Long 0 0,First,#,ZipsParkingTrafficCollisions,ZipsParkingTrafficCollisions.Walk_Score,-1,-1;Walk_Description "Walk Description" true true false 8000 Text 0 0,First,#,ZipsParkingTrafficCollisions,ZipsParkingTrafficCollisions.Walk_Description,0,8000;Transit_Score "Transit Score" true true false 4 Long 0 0,First,#,ZipsParkingTrafficCollisions,ZipsParkingTrafficCollisions.Transit_Score,-1,-1;Transit_Description "Transit Description" true true false 8000 Text 0 0,First,#,ZipsParkingTrafficCollisions,ZipsParkingTrafficCollisions.Transit_Description,0,8000;Bike_Score "Bike Score" true true false 4 Long 0 0,First,#,ZipsParkingTrafficCollisions,ZipsParkingTrafficCollisions.Bike_Score,-1,-1;Bike_Description "Bike Description" true true false 8000 Text 0 0,First,#,ZipsParkingTrafficCollisions,ZipsParkingTrafficCollisions.Bike_Description,0,8000;Shape_Length "Shape_Length" false true true 8 Double 0 0,First,#,ZipsParkingTrafficCollisions,ZipsParkingTrafficCollisions.Shape_Length,-1,-1;Shape_Area "Shape_Area" false true true 8 Double 0 0,First,#,ZipsParkingTrafficCollisions,ZipsParkingTrafficCollisions.Shape_Area,-1,-1;DrivingScore "DrivingScore" true true false 8 Double 0 0,First,#,ZipsParkingTrafficCollisions,ZipsParkingTrafficCollisions.DrivingScore,-1,-1;OverallScore "OverallScore" true true false 8 Double 0 0,First,#,ZipsParkingTrafficCollisions,ZipsParkingTrafficCollisions.OverallScore,-1,-1;RoundedScootScore "ScootScore" true true false 4 Long 0 0,First,#,ZipsParkingTrafficCollisions,ZipsParkingTrafficCollisions.RoundedScootScore,-1,-1;Shape_Length "Shape_Length" false true true 8 Double 0 0,First,#,ZipsParkingTrafficCollisions,ZipsRideShares.Shape_Length,-1,-1;Shape_Area "Shape_Area" false true true 8 Double 0 0,First,#,ZipsParkingTrafficCollisions,ZipsRideShares.Shape_Area,-1,-1" #</Process></lineage><itemProps><itemName Sync="TRUE">AllScores</itemName><imsContentType Sync="TRUE">002</imsContentType><itemLocation><linkage Sync="TRUE">file://\\EPOULSEN-INT\C$\Users\eme12539\Desktop\AllScores\AllScores.shp</linkage><protocol Sync="TRUE">Local Area Network</protocol></itemLocation><itemSize Sync="TRUE">0.000</itemSize></itemProps><coordRef><type Sync="TRUE">Geographic</type><geogcsn Sync="TRUE">GCS_WGS_1984</geogcsn><csUnits Sync="TRUE">Angular Unit: Degree (0.017453)</csUnits><peXml Sync="TRUE">&lt;GeographicCoordinateSystem xsi:type='typens:GeographicCoordinateSystem' xmlns:xsi='http://www.w3.org/2001/XMLSchema-instance' xmlns:xs='http://www.w3.org/2001/XMLSchema' xmlns:typens='http://www.esri.com/schemas/ArcGIS/2.9.0'&gt;&lt;WKT&gt;GEOGCS[&amp;quot;GCS_WGS_1984&amp;quot;,DATUM[&amp;quot;D_WGS_1984&amp;quot;,SPHEROID[&amp;quot;WGS_1984&amp;quot;,6378137.0,298.257223563]],PRIMEM[&amp;quot;Greenwich&amp;quot;,0.0],UNIT[&amp;quot;Degree&amp;quot;,0.0174532925199433],AUTHORITY[&amp;quot;EPSG&amp;quot;,4326]]&lt;/WKT&gt;&lt;XOrigin&gt;-400&lt;/XOrigin&gt;&lt;YOrigin&gt;-400&lt;/YOrigin&gt;&lt;XYScale&gt;11258999068426.238&lt;/XYScale&gt;&lt;ZOrigin&gt;-100000&lt;/ZOrigin&gt;&lt;ZScale&gt;10000&lt;/ZScale&gt;&lt;MOrigin&gt;-100000&lt;/MOrigin&gt;&lt;MScale&gt;10000&lt;/MScale&gt;&lt;XYTolerance&gt;8.983152841195215e-09&lt;/XYTolerance&gt;&lt;ZTolerance&gt;0.001&lt;/ZTolerance&gt;&lt;MTolerance&gt;0.001&lt;/MTolerance&gt;&lt;HighPrecision&gt;true&lt;/HighPrecision&gt;&lt;LeftLongitude&gt;-180&lt;/LeftLongitude&gt;&lt;WKID&gt;4326&lt;/WKID&gt;&lt;LatestWKID&gt;4326&lt;/LatestWKID&gt;&lt;/GeographicCoordinateSystem&gt;</peXml></coordRef></DataProperties><SyncDate>20220723</SyncDate><SyncTime>22513300</SyncTime><ModDate>20220723</ModDate><ModTime>22513300</ModTime></Esri><dataIdInfo><envirDesc Sync="TRUE">Microsoft Windows 10 Version 10.0 (Build 19042) ; Esri ArcGIS 12.9.0.32739</envirDesc><dataLang><languageCode value="eng" Sync="TRUE"></languageCode><countryCode value="USA" Sync="TRUE"></countryCode></dataLang><idCitation><resTitle Sync="TRUE">AllScores</resTitle><presForm><PresFormCd value="005" Sync="TRUE"></PresFormCd></presForm></idCitation><spatRpType><SpatRepTypCd value="001" Sync="TRUE"></SpatRepTypCd></spatRpType></dataIdInfo><mdLang><languageCode value="eng" Sync="TRUE"></languageCode><countryCode value="USA" Sync="TRUE"></countryCode></mdLang><distInfo><distFormat><formatName Sync="TRUE">Shapefile</formatName></distFormat><distTranOps><transSize Sync="TRUE">0.000</transSize></distTranOps></distInfo><mdHrLv><ScopeCd value="005" Sync="TRUE"></ScopeCd></mdHrLv><mdHrLvName Sync="TRUE">dataset</mdHrLvName><refSysInfo><RefSystem><refSysID><identCode code="4326" Sync="TRUE"></identCode><idCodeSpace Sync="TRUE">EPSG</idCodeSpace><idVersion Sync="TRUE">6.2(3.0.1)</idVersion></refSysID></RefSystem></refSysInfo><spatRepInfo><VectSpatRep><geometObjs Name="AllScores"><geoObjTyp><GeoObjTypCd value="002" Sync="TRUE"></GeoObjTypCd></geoObjTyp><geoObjCnt Sync="TRUE">0</geoObjCnt></geometObjs><topLvl><TopoLevCd value="001" Sync="TRUE"></TopoLevCd></topLvl></VectSpatRep></spatRepInfo><spdoinfo><ptvctinf><esriterm Name="AllScores"><efeatyp Sync="TRUE">Simple</efeatyp><efeageom code="4" Sync="TRUE"></efeageom><esritopo Sync="TRUE">FALSE</esritopo><efeacnt Sync="TRUE">0</efeacnt><spindex Sync="TRUE">FALSE</spindex><linrefer Sync="TRUE">FALSE</linrefer></esriterm></ptvctinf></spdoinfo><eainfo><detailed Name="AllScores"><enttyp><enttypl Sync="TRUE">AllScores</enttypl><enttypt Sync="TRUE">Feature Class</enttypt><enttypc Sync="TRUE">0</enttypc></enttyp><attr><attrlabl Sync="TRUE">FID</attrlabl><attalias Sync="TRUE">FID</attalias><attrtype Sync="TRUE">OID</attrtype><attwidth Sync="TRUE">4</attwidth><atprecis Sync="TRUE">0</atprecis><attscale Sync="TRUE">0</attscale><attrdef Sync="TRUE">Internal feature number.</attrdef><attrdefs Sync="TRUE">Esri</attrdefs><attrdomv><udom Sync="TRUE">Sequential unique whole numbers that are automatically generated.</udom></attrdomv></attr><attr><attrlabl Sync="TRUE">Shape</attrlabl><attalias Sync="TRUE">Shape</attalias><attrtype Sync="TRUE">Geometry</attrtype><attwidth Sync="TRUE">0</attwidth><atprecis Sync="TRUE">0</atprecis><attscale Sync="TRUE">0</attscale><attrdef Sync="TRUE">Feature geometry.</attrdef><attrdefs Sync="TRUE">Esri</attrdefs><attrdomv><udom Sync="TRUE">Coordinates defining the features.</udom></attrdomv></attr><attr><attrlabl Sync="TRUE">ZIPCODE</attrlabl><attalias Sync="TRUE">ZIPCODE</attalias><attrtype Sync="TRUE">String</attrtype><attwidth Sync="TRUE">5</attwidth><atprecis Sync="TRUE">0</atprecis><attscale Sync="TRUE">0</attscale></attr><attr><attrlabl Sync="TRUE">Walk_Score</attrlabl><attalias Sync="TRUE">Walk_Score</attalias><attrtype Sync="TRUE">Integer</attrtype><attwidth Sync="TRUE">10</attwidth><atprecis Sync="TRUE">10</atprecis><attscale Sync="TRUE">0</attscale></attr><attr><attrlabl Sync="TRUE">Walk_Descr</attrlabl><attalias Sync="TRUE">Walk_Descr</attalias><attrtype Sync="TRUE">String</attrtype><attwidth Sync="TRUE">254</attwidth><atprecis Sync="TRUE">0</atprecis><attscale Sync="TRUE">0</attscale></attr><attr><attrlabl Sync="TRUE">Transit_Sc</attrlabl><attalias Sync="TRUE">Transit_Sc</attalias><attrtype Sync="TRUE">Integer</attrtype><attwidth Sync="TRUE">10</attwidth><atprecis Sync="TRUE">10</atprecis><attscale Sync="TRUE">0</attscale></attr><attr><attrlabl Sync="TRUE">Transit_De</attrlabl><attalias Sync="TRUE">Transit_De</attalias><attrtype Sync="TRUE">String</attrtype><attwidth Sync="TRUE">254</attwidth><atprecis Sync="TRUE">0</atprecis><attscale Sync="TRUE">0</attscale></attr><attr><attrlabl Sync="TRUE">Bike_Score</attrlabl><attalias Sync="TRUE">Bike_Score</attalias><attrtype Sync="TRUE">Integer</attrtype><attwidth Sync="TRUE">10</attwidth><atprecis Sync="TRUE">10</atprecis><attscale Sync="TRUE">0</attscale></attr><attr><attrlabl Sync="TRUE">Bike_Descr</attrlabl><attalias Sync="TRUE">Bike_Descr</attalias><attrtype Sync="TRUE">String</attrtype><attwidth Sync="TRUE">254</attwidth><atprecis Sync="TRUE">0</atprecis><attscale Sync="TRUE">0</attscale></attr><attr><attrlabl Sync="TRUE">SHAPE_Leng</attrlabl><attalias Sync="TRUE">Shape_Leng</attalias><attrtype Sync="TRUE">Double</attrtype><attwidth Sync="TRUE">19</attwidth><atprecis Sync="TRUE">0</atprecis><attscale Sync="TRUE">0</attscale></attr><attr><attrlabl Sync="TRUE">Shape_Area</attrlabl><attalias Sync="TRUE">Shape_Area</attalias><attrtype Sync="TRUE">Double</attrtype><attwidth Sync="TRUE">19</attwidth><atprecis Sync="TRUE">0</atprecis><attscale Sync="TRUE">0</attscale><attrdef Sync="TRUE">Area of feature in internal units squared.</attrdef><attrdefs Sync="TRUE">Esri</attrdefs><attrdomv><udom Sync="TRUE">Positive real numbers that are automatically generated.</udom></attrdomv></attr><attr><attrlabl Sync="TRUE">DrivingSco</attrlabl><attalias Sync="TRUE">DrivingSco</attalias><attrtype Sync="TRUE">Double</attrtype><attwidth Sync="TRUE">19</attwidth><atprecis Sync="TRUE">0</atprecis><attscale Sync="TRUE">0</attscale></attr><attr><attrlabl Sync="TRUE">OverallSco</attrlabl><attalias Sync="TRUE">OverallSco</attalias><attrtype Sync="TRUE">Double</attrtype><attwidth Sync="TRUE">19</attwidth><atprecis Sync="TRUE">0</atprecis><attscale Sync="TRUE">0</attscale></attr><attr><attrlabl Sync="TRUE">RoundedSco</attrlabl><attalias Sync="TRUE">RoundedSco</attalias><attrtype Sync="TRUE">Integer</attrtype><attwidth Sync="TRUE">10</attwidth><atprecis Sync="TRUE">10</atprecis><attscale Sync="TRUE">0</attscale></attr><attr><attrlabl Sync="TRUE">Shape_Le_1</attrlabl><attalias Sync="TRUE">Shape_Le_1</attalias><attrtype Sync="TRUE">Double</attrtype><attwidth Sync="TRUE">19</attwidth><atprecis Sync="TRUE">0</atprecis><attscale Sync="TRUE">0</attscale></attr><attr><attrlabl Sync="TRUE">Shape_Ar_1</attrlabl><attalias Sync="TRUE">Shape_Ar_1</attalias><attrtype Sync="TRUE">Double</attrtype><attwidth Sync="TRUE">19</attwidth><atprecis Sync="TRUE">0</atprecis><attscale Sync="TRUE">0</attscale></attr></detailed></eainfo><mdDateSt Sync="TRUE">20220723</mdDateSt></metadata>
