<?xml version="1.0" encoding="UTF-8"?>
<metadata xml:lang="en"><Esri><CreaDate>20220723</CreaDate><CreaTime>15525400</CreaTime><ArcGISFormat>1.0</ArcGISFormat><SyncOnce>FALSE</SyncOnce><DataProperties><lineage><Process ToolSource="c:\program files\arcgis\pro\Resources\ArcToolbox\toolboxes\Data Management Tools.tbx\UpdateSchema" Date="20220723" Time="155254">UpdateSchema "CIMDATA=&lt;CIMStandardDataConnection xsi:type='typens:CIMStandardDataConnection' xmlns:xsi='http://www.w3.org/2001/XMLSchema-instance' xmlns:xs='http://www.w3.org/2001/XMLSchema' xmlns:typens='http://www.esri.com/schemas/ArcGIS/2.9.0'&gt;&lt;WorkspaceConnectionString&gt;DATABASE=C:\Users\eme12539\Documents\ArcGIS\Projects\Hackathon&lt;/WorkspaceConnectionString&gt;&lt;WorkspaceFactory&gt;Shapefile&lt;/WorkspaceFactory&gt;&lt;Dataset&gt;Los_Angeles_City_Zip_Codes.shp&lt;/Dataset&gt;&lt;DatasetType&gt;esriDTFeatureClass&lt;/DatasetType&gt;&lt;/CIMStandardDataConnection&gt;" &lt;operationSequence&gt;&lt;workflow&gt;&lt;AddField&gt;&lt;field_name&gt;Area&lt;/field_name&gt;&lt;field_type&gt;DOUBLE&lt;/field_type&gt;&lt;field_is_nullable&gt;False&lt;/field_is_nullable&gt;&lt;field_is_required&gt;False&lt;/field_is_required&gt;&lt;/AddField&gt;&lt;/workflow&gt;&lt;/operationSequence&gt;</Process><Process ToolSource="c:\program files\arcgis\pro\Resources\ArcToolbox\toolboxes\Data Management Tools.tbx\CalculateGeometryAttributes" Date="20220723" Time="155628">CalculateGeometryAttributes Los_Angeles_City_Zip_Codes "Area AREA_GEODESIC" # "Square miles (United States)" GEOGCS["GCS_WGS_1984",DATUM["D_WGS_1984",SPHEROID["WGS_1984",6378137.0,298.257223563]],PRIMEM["Greenwich",0.0],UNIT["Degree",0.0174532925199433]] "Same as input"</Process><Process ToolSource="c:\program files\arcgis\pro\Resources\ArcToolbox\toolboxes\Conversion Tools.tbx\FeatureClassToFeatureClass" Date="20220723" Time="162044">FeatureClassToFeatureClass Los_Angeles_City_Zip_Codes C:\Users\eme12539\Desktop ZipCodesWithScores.shp # "OBJECTID "OBJECTID" true true false 3 Short 0 3,First,#,Los_Angeles_City_Zip_Codes,Los_Angeles_City_Zip_Codes.OBJECTID,-1,-1;CITY "CITY" true true false 2 Text 0 0,First,#,Los_Angeles_City_Zip_Codes,Los_Angeles_City_Zip_Codes.CITY,0,2;ZIPCODE "ZIPCODE" true true false 5 Text 0 0,First,#,Los_Angeles_City_Zip_Codes,Los_Angeles_City_Zip_Codes.ZIPCODE,0,5;ZIP "ZIP" true true false 5 Long 0 5,First,#,Los_Angeles_City_Zip_Codes,Los_Angeles_City_Zip_Codes.ZIP,-1,-1;TOOLTIP "TOOLTIP" true true false 15 Text 0 0,First,#,Los_Angeles_City_Zip_Codes,Los_Angeles_City_Zip_Codes.TOOLTIP,0,15;NLA_URL "NLA_URL" true true false 1 Text 0 0,First,#,Los_Angeles_City_Zip_Codes,Los_Angeles_City_Zip_Codes.NLA_URL,0,1;AnalysisAr "AnalysisAr" true true false 24 Double 15 23,First,#,Los_Angeles_City_Zip_Codes,Los_Angeles_City_Zip_Codes.AnalysisAr,-1,-1;Area "Area" true true false 19 Double 0 0,First,#,Los_Angeles_City_Zip_Codes,Los_Angeles_City_Zip_Codes.Area,-1,-1;ZIPCODE "ZIPCODE" true true false 4 Long 0 0,First,#,Los_Angeles_City_Zip_Codes,output.csv.ZIPCODE,-1,-1;Latitude "Latitude" true true false 8 Double 0 0,First,#,Los_Angeles_City_Zip_Codes,output.csv.Latitude,-1,-1;Longitude "Longitude" true true false 8 Double 0 0,First,#,Los_Angeles_City_Zip_Codes,output.csv.Longitude,-1,-1;Walk Score "Walk Score" true true false 4 Long 0 0,First,#,Los_Angeles_City_Zip_Codes,output.csv.Walk Score,-1,-1;Walk Description "Walk Description" true true false 8000 Text 0 0,First,#,Los_Angeles_City_Zip_Codes,output.csv.Walk Description,0,8000;Transit Score "Transit Score" true true false 4 Long 0 0,First,#,Los_Angeles_City_Zip_Codes,output.csv.Transit Score,-1,-1;Transit Description "Transit Description" true true false 8000 Text 0 0,First,#,Los_Angeles_City_Zip_Codes,output.csv.Transit Description,0,8000;Bike Score "Bike Score" true true false 4 Long 0 0,First,#,Los_Angeles_City_Zip_Codes,output.csv.Bike Score,-1,-1;Bike Description "Bike Description" true true false 8000 Text 0 0,First,#,Los_Angeles_City_Zip_Codes,output.csv.Bike Description,0,8000" #</Process><Process ToolSource="c:\program files\arcgis\pro\Resources\ArcToolbox\Toolboxes\Data Management Tools.tbx\DeleteField" Date="20220723" Time="164214">DeleteField ZipCodesWithScores TOOLTIP "Delete Fields"</Process><Process ToolSource="c:\program files\arcgis\pro\Resources\ArcToolbox\Toolboxes\Data Management Tools.tbx\DeleteField" Date="20220723" Time="164219">DeleteField ZipCodesWithScores NLA_URL "Delete Fields"</Process><Process ToolSource="c:\program files\arcgis\pro\Resources\ArcToolbox\Toolboxes\Data Management Tools.tbx\DeleteField" Date="20220723" Time="164233">DeleteField ZipCodesWithScores AnalysisAr;Area;ZIPCODE_1;Latitude;Longitude "Delete Fields"</Process><Process ToolSource="c:\program files\arcgis\pro\Resources\ArcToolbox\Toolboxes\Data Management Tools.tbx\DeleteField" Date="20220723" Time="164242">DeleteField ZipCodesWithScores ZIP "Delete Fields"</Process><Process ToolSource="c:\program files\arcgis\pro\Resources\ArcToolbox\Toolboxes\Data Management Tools.tbx\DeleteField" Date="20220723" Time="164247">DeleteField ZipCodesWithScores CITY "Delete Fields"</Process><Process ToolSource="c:\program files\arcgis\pro\Resources\ArcToolbox\Toolboxes\Data Management Tools.tbx\DeleteField" Date="20220723" Time="164255">DeleteField ZipCodesWithScores OBJECTID "Delete Fields"</Process><Process ToolSource="c:\program files\arcgis\pro\Resources\ArcToolbox\toolboxes\Conversion Tools.tbx\FeatureClassToFeatureClass" Date="20220723" Time="164459">FeatureClassToFeatureClass ZipCodesWithScores C:\Users\eme12539\Desktop\CleanZipper ZipCodesScoresClean.shp # "ZIPCODE "ZIPCODE" true true false 5 Text 0 0,First,#,ZipCodesWithScores,ZIPCODE,0,5;Walk_Score "Walk_Score" true true false 10 Long 0 10,First,#,ZipCodesWithScores,Walk_Score,-1,-1;Walk_Descr "Walk_Descr" true true false 254 Text 0 0,First,#,ZipCodesWithScores,Walk_Descr,0,254;Transit_Sc "Transit_Sc" true true false 10 Long 0 10,First,#,ZipCodesWithScores,Transit_Sc,-1,-1;Transit_De "Transit_De" true true false 254 Text 0 0,First,#,ZipCodesWithScores,Transit_De,0,254;Bike_Score "Bike_Score" true true false 10 Long 0 10,First,#,ZipCodesWithScores,Bike_Score,-1,-1;Bike_Descr "Bike_Descr" true true false 254 Text 0 0,First,#,ZipCodesWithScores,Bike_Descr,0,254" #</Process></lineage><itemProps><itemName Sync="TRUE">ZipCodesScoresClean</itemName><imsContentType Sync="TRUE">002</imsContentType><itemSize Sync="TRUE">0.000</itemSize><itemLocation><linkage Sync="TRUE">file://\\EPOULSEN-INT\C$\Users\eme12539\Desktop\CleanZipper\ZipCodesScoresClean.shp</linkage><protocol Sync="TRUE">Local Area Network</protocol></itemLocation></itemProps><coordRef><type Sync="TRUE">Geographic</type><geogcsn Sync="TRUE">GCS_WGS_1984</geogcsn><csUnits Sync="TRUE">Angular Unit: Degree (0.017453)</csUnits><peXml Sync="TRUE">&lt;GeographicCoordinateSystem xsi:type='typens:GeographicCoordinateSystem' xmlns:xsi='http://www.w3.org/2001/XMLSchema-instance' xmlns:xs='http://www.w3.org/2001/XMLSchema' xmlns:typens='http://www.esri.com/schemas/ArcGIS/2.9.0'&gt;&lt;WKT&gt;GEOGCS[&amp;quot;GCS_WGS_1984&amp;quot;,DATUM[&amp;quot;D_WGS_1984&amp;quot;,SPHEROID[&amp;quot;WGS_1984&amp;quot;,6378137.0,298.257223563]],PRIMEM[&amp;quot;Greenwich&amp;quot;,0.0],UNIT[&amp;quot;Degree&amp;quot;,0.0174532925199433],AUTHORITY[&amp;quot;EPSG&amp;quot;,4326]]&lt;/WKT&gt;&lt;XOrigin&gt;-400&lt;/XOrigin&gt;&lt;YOrigin&gt;-400&lt;/YOrigin&gt;&lt;XYScale&gt;11258999068426.238&lt;/XYScale&gt;&lt;ZOrigin&gt;-100000&lt;/ZOrigin&gt;&lt;ZScale&gt;10000&lt;/ZScale&gt;&lt;MOrigin&gt;-100000&lt;/MOrigin&gt;&lt;MScale&gt;10000&lt;/MScale&gt;&lt;XYTolerance&gt;8.983152841195215e-09&lt;/XYTolerance&gt;&lt;ZTolerance&gt;0.001&lt;/ZTolerance&gt;&lt;MTolerance&gt;0.001&lt;/MTolerance&gt;&lt;HighPrecision&gt;true&lt;/HighPrecision&gt;&lt;LeftLongitude&gt;-180&lt;/LeftLongitude&gt;&lt;WKID&gt;4326&lt;/WKID&gt;&lt;LatestWKID&gt;4326&lt;/LatestWKID&gt;&lt;/GeographicCoordinateSystem&gt;</peXml></coordRef></DataProperties><SyncDate>20220723</SyncDate><SyncTime>16445900</SyncTime><ModDate>20220723</ModDate><ModTime>16445900</ModTime></Esri><dataIdInfo><envirDesc Sync="TRUE">Microsoft Windows 10 Version 10.0 (Build 19042) ; Esri ArcGIS 12.9.0.32739</envirDesc><dataLang><languageCode value="eng" Sync="TRUE"></languageCode><countryCode value="USA" Sync="TRUE"></countryCode></dataLang><idCitation><resTitle Sync="TRUE">ZipCodesScoresClean</resTitle><presForm><PresFormCd value="005" Sync="TRUE"></PresFormCd></presForm></idCitation><spatRpType><SpatRepTypCd value="001" Sync="TRUE"></SpatRepTypCd></spatRpType></dataIdInfo><mdLang><languageCode value="eng" Sync="TRUE"></languageCode><countryCode value="USA" Sync="TRUE"></countryCode></mdLang><mdChar><CharSetCd value="004" Sync="TRUE"></CharSetCd></mdChar><distInfo><distFormat><formatName Sync="TRUE">Shapefile</formatName></distFormat><distTranOps><transSize Sync="TRUE">0.000</transSize></distTranOps></distInfo><mdHrLv><ScopeCd value="005" Sync="TRUE"></ScopeCd></mdHrLv><mdHrLvName Sync="TRUE">dataset</mdHrLvName><refSysInfo><RefSystem><refSysID><identCode code="4326" Sync="TRUE"></identCode><idCodeSpace Sync="TRUE">EPSG</idCodeSpace><idVersion Sync="TRUE">6.2(3.0.1)</idVersion></refSysID></RefSystem></refSysInfo><spatRepInfo><VectSpatRep><geometObjs Name="ZipCodesScoresClean"><geoObjTyp><GeoObjTypCd value="002" Sync="TRUE"></GeoObjTypCd></geoObjTyp><geoObjCnt Sync="TRUE">0</geoObjCnt></geometObjs><topLvl><TopoLevCd value="001" Sync="TRUE"></TopoLevCd></topLvl></VectSpatRep></spatRepInfo><spdoinfo><ptvctinf><esriterm Name="ZipCodesScoresClean"><efeatyp Sync="TRUE">Simple</efeatyp><efeageom code="4" Sync="TRUE"></efeageom><esritopo Sync="TRUE">FALSE</esritopo><efeacnt Sync="TRUE">0</efeacnt><spindex Sync="TRUE">FALSE</spindex><linrefer Sync="TRUE">FALSE</linrefer></esriterm></ptvctinf></spdoinfo><eainfo><detailed Name="ZipCodesScoresClean"><enttyp><enttypl Sync="TRUE">ZipCodesScoresClean</enttypl><enttypt Sync="TRUE">Feature Class</enttypt><enttypc Sync="TRUE">0</enttypc></enttyp><attr><attrlabl Sync="TRUE">FID</attrlabl><attalias Sync="TRUE">FID</attalias><attrtype Sync="TRUE">OID</attrtype><attwidth Sync="TRUE">4</attwidth><atprecis Sync="TRUE">0</atprecis><attscale Sync="TRUE">0</attscale><attrdef Sync="TRUE">Internal feature number.</attrdef><attrdefs Sync="TRUE">Esri</attrdefs><attrdomv><udom Sync="TRUE">Sequential unique whole numbers that are automatically generated.</udom></attrdomv></attr><attr><attrlabl Sync="TRUE">Shape</attrlabl><attalias Sync="TRUE">Shape</attalias><attrtype Sync="TRUE">Geometry</attrtype><attwidth Sync="TRUE">0</attwidth><atprecis Sync="TRUE">0</atprecis><attscale Sync="TRUE">0</attscale><attrdef Sync="TRUE">Feature geometry.</attrdef><attrdefs Sync="TRUE">Esri</attrdefs><attrdomv><udom Sync="TRUE">Coordinates defining the features.</udom></attrdomv></attr><attr><attrlabl Sync="TRUE">ZIPCODE</attrlabl><attalias Sync="TRUE">ZIPCODE</attalias><attrtype Sync="TRUE">String</attrtype><attwidth Sync="TRUE">5</attwidth><atprecis Sync="TRUE">0</atprecis><attscale Sync="TRUE">0</attscale></attr><attr><attrlabl Sync="TRUE">Walk_Score</attrlabl><attalias Sync="TRUE">Walk_Score</attalias><attrtype Sync="TRUE">Integer</attrtype><attwidth Sync="TRUE">10</attwidth><atprecis Sync="TRUE">10</atprecis><attscale Sync="TRUE">0</attscale></attr><attr><attrlabl Sync="TRUE">Walk_Descr</attrlabl><attalias Sync="TRUE">Walk_Descr</attalias><attrtype Sync="TRUE">String</attrtype><attwidth Sync="TRUE">254</attwidth><atprecis Sync="TRUE">0</atprecis><attscale Sync="TRUE">0</attscale></attr><attr><attrlabl Sync="TRUE">Transit_Sc</attrlabl><attalias Sync="TRUE">Transit_Sc</attalias><attrtype Sync="TRUE">Integer</attrtype><attwidth Sync="TRUE">10</attwidth><atprecis Sync="TRUE">10</atprecis><attscale Sync="TRUE">0</attscale></attr><attr><attrlabl Sync="TRUE">Transit_De</attrlabl><attalias Sync="TRUE">Transit_De</attalias><attrtype Sync="TRUE">String</attrtype><attwidth Sync="TRUE">254</attwidth><atprecis Sync="TRUE">0</atprecis><attscale Sync="TRUE">0</attscale></attr><attr><attrlabl Sync="TRUE">Bike_Score</attrlabl><attalias Sync="TRUE">Bike_Score</attalias><attrtype Sync="TRUE">Integer</attrtype><attwidth Sync="TRUE">10</attwidth><atprecis Sync="TRUE">10</atprecis><attscale Sync="TRUE">0</attscale></attr><attr><attrlabl Sync="TRUE">Bike_Descr</attrlabl><attalias Sync="TRUE">Bike_Descr</attalias><attrtype Sync="TRUE">String</attrtype><attwidth Sync="TRUE">254</attwidth><atprecis Sync="TRUE">0</atprecis><attscale Sync="TRUE">0</attscale></attr></detailed></eainfo><mdDateSt Sync="TRUE">20220723</mdDateSt></metadata>
